Datetime,Water Level (m)
2025-07-02 06:00:00,-0.06287901
2025-07-02 07:00:00,-0.024106883
2025-07-02 08:00:00,0.26314735
2025-07-02 09:00:00,0.5773659
2025-07-02 10:00:00,0.8747991
2025-07-02 11:00:00,1.0762129
2025-07-02 12:00:00,1.1539241
2025-07-02 13:00:00,1.0594083
2025-07-02 14:00:00,0.79748327
2025-07-02 15:00:00,0.54693156
2025-07-02 16:00:00,0.3378584
2025-07-02 17:00:00,0.17044413
2025-07-02 18:00:00,0.045992848
2025-07-02 19:00:00,-0.020649903
2025-07-02 20:00:00,0.07587682
2025-07-02 21:00:00,0.39387402
2025-07-02 22:00:00,0.6839662
2025-07-02 23:00:00,0.91713786
2025-07-03 00:00:00,1.0516893
2025-07-03 01:00:00,1.0633595
2025-07-03 02:00:00,0.9387005
2025-07-03 03:00:00,0.72391087
2025-07-03 04:00:00,0.5229667
2025-07-03 05:00:00,0.35846
2025-07-03 06:00:00,0.2356226
2025-07-03 07:00:00,0.17013067
2025-07-03 08:00:00,0.24414694
2025-07-03 09:00:00,0.5310923
2025-07-03 10:00:00,0.8162925
2025-07-03 11:00:00,1.03228
2025-07-03 12:00:00,1.1341239
2025-07-03 13:00:00,1.09983
2025-07-03 14:00:00,0.9245644
2025-07-03 15:00:00,0.700474
2025-07-03 16:00:00,0.49552473
2025-07-03 17:00:00,0.3243283
2025-07-03 18:00:00,0.1820554
2025-07-03 19:00:00,0.07458492
2025-07-03 20:00:00,0.027746718
2025-07-03 21:00:00,0.15943125
2025-07-03 22:00:00,0.47492716
2025-07-03 23:00:00,0.74637157
2025-07-04 00:00:00,0.96409965
2025-07-04 01:00:00,1.0840292
2025-07-04 02:00:00,1.0674703
2025-07-04 03:00:00,0.9018151
2025-07-04 04:00:00,0.67587984
2025-07-04 05:00:00,0.48050997
2025-07-04 06:00:00,0.33704042
2025-07-04 07:00:00,0.24691355
2025-07-04 08:00:00,0.22298983
2025-07-04 09:00:00,0.31830668
2025-07-04 10:00:00,0.5447284
2025-07-04 11:00:00,0.7729172
2025-07-04 12:00:00,0.946379
2025-07-04 13:00:00,1.0317987
2025-07-04 14:00:00,1.0008295
2025-07-04 15:00:00,0.84484965
2025-07-04 16:00:00,0.6372323
2025-07-04 17:00:00,0.44830337
2025-07-04 18:00:00,0.2859148
2025-07-04 19:00:00,0.15299447
2025-07-04 20:00:00,0.05333528
2025-07-04 21:00:00,0.018837092
2025-07-04 22:00:00,0.15833227
2025-07-04 23:00:00,0.4490486
2025-07-05 00:00:00,0.7099112
2025-07-05 01:00:00,0.9079433
2025-07-05 02:00:00,1.021628
2025-07-05 03:00:00,1.0291724
2025-07-05 04:00:00,0.9275997
2025-07-05 05:00:00,0.7457591
2025-07-05 06:00:00,0.56747514
2025-07-05 07:00:00,0.41356307
2025-07-05 08:00:00,0.30621094
2025-07-05 09:00:00,0.24647318
2025-07-05 10:00:00,0.28215256
2025-07-05 11:00:00,0.47148523
2025-07-05 12:00:00,0.6902787
2025-07-05 13:00:00,0.85456437
2025-07-05 14:00:00,0.9375066
2025-07-05 15:00:00,0.9100665
2025-07-05 16:00:00,0.7711127
2025-07-05 17:00:00,0.59265256
2025-07-05 18:00:00,0.41664824
2025-07-05 19:00:00,0.26658356
2025-07-05 20:00:00,0.14097375
2025-07-05 21:00:00,0.046751473
2025-07-05 22:00:00,0.014198695
2025-07-05 23:00:00,0.1597555
2025-07-06 00:00:00,0.46141538
2025-07-06 01:00:00,0.74011827
2025-07-06 02:00:00,0.9686279
2025-07-06 03:00:00,1.108212
2025-07-06 04:00:00,1.1475409
2025-07-06 05:00:00,1.0730373
2025-07-06 06:00:00,0.8858272
2025-07-06 07:00:00,0.68628585
2025-07-06 08:00:00,0.5162539
2025-07-06 09:00:00,0.38350183
2025-07-06 10:00:00,0.29973653
2025-07-06 11:00:00,0.2893374
2025-07-06 12:00:00,0.41125038
2025-07-06 13:00:00,0.6370085
2025-07-06 14:00:00,0.8315282
2025-07-06 15:00:00,0.9456699
2025-07-06 16:00:00,0.9578414
2025-07-06 17:00:00,0.85249585
2025-07-06 18:00:00,0.6677453
2025-07-06 19:00:00,0.4742841
2025-07-06 20:00:00,0.30141798
2025-07-06 21:00:00,0.15678343
2025-07-06 22:00:00,0.04697032
2025-07-06 23:00:00,-0.0023947323
2025-07-07 00:00:00,0.13145559
2025-07-07 01:00:00,0.45541325
2025-07-07 02:00:00,0.75709903
2025-07-07 03:00:00,0.9982593
2025-07-07 04:00:00,1.1463714
2025-07-07 05:00:00,1.1931304
2025-07-07 06:00:00,1.1274203
2025-07-07 07:00:00,0.93729
2025-07-07 08:00:00,0.7226032
2025-07-07 09:00:00,0.5362081
2025-07-07 10:00:00,0.38688728
2025-07-07 11:00:00,0.27748656
2025-07-07 12:00:00,0.23376113
2025-07-07 13:00:00,0.3486863
2025-07-07 14:00:00,0.62631756
2025-07-07 15:00:00,0.84934807
2025-07-07 16:00:00,0.9850982
2025-07-07 17:00:00,1.0055343
2025-07-07 18:00:00,0.8895431
2025-07-07 19:00:00,0.68667334
2025-07-07 20:00:00,0.48068336
2025-07-07 21:00:00,0.2992988
2025-07-07 22:00:00,0.14985201
2025-07-07 23:00:00,0.033784434
2025-07-08 00:00:00,-0.022737408
2025-07-08 01:00:00,0.13058922
2025-07-08 02:00:00,0.48263282
2025-07-08 03:00:00,0.80630356
2025-07-08 04:00:00,1.0639505
2025-07-08 05:00:00,1.2246075
2025-07-08 06:00:00,1.2710533
